{
  "category_risk": {
    "Books": 0.5066144047035767,
    "Clothing": 0.5245,
    "Electronics": 0.5093198992443325,
    "Home": 0.49014778325123154,
    "Toys": 0.49537037037037035
  },
  "reason_risk": {
    "Changed mind": 1.0,
    "Defective": 1.0,
    "Not as described": 1.0,
    "Wrong item": 1.0
  },
  "location_risk": {
    "City1": 0.4298245614035088,
    "City10": 0.5980392156862745,
    "City100": 0.4811320754716981,
    "City11": 0.494949494949495,
    "City12": 0.5408163265306123,
    "City13": 0.46236559139784944,
    "City14": 0.5408163265306123,
    "City15": 0.5779816513761468,
    "City16": 0.44086021505376344,
    "City17": 0.4482758620689655,
    "City18": 0.49038461538461536,
    "City19": 0.5876288659793815,
    "City2": 0.5054945054945055,
    "City20": 0.5306122448979592,
    "City21": 0.5094339622641509,
    "City22": 0.43103448275862066,
    "City23": 0.5416666666666666,
    "City24": 0.5555555555555556,
    "City25": 0.3877551020408163,
    "City26": 0.5304347826086957,
    "City27": 0.5057471264367817,
    "City28": 0.5217391304347826,
    "City29": 0.5384615384615384,
    "City3": 0.5042735042735043,
    "City30": 0.5208333333333334,
    "City31": 0.5142857142857142,
    "City32": 0.39814814814814814,
    "City33": 0.4787234042553192,
    "City34": 0.4948453608247423,
    "City35": 0.5428571428571428,
    "City36": 0.45081967213114754,
    "City37": 0.44761904761904764,
    "City38": 0.5490196078431373,
    "City39": 0.5865384615384616,
    "City4": 0.5257731958762887,
    "City40": 0.5046728971962616,
    "City41": 0.4157303370786517,
    "City42": 0.5102040816326531,
    "City43": 0.5526315789473685,
    "City44": 0.5631067961165048,
    "City45": 0.41836734693877553,
    "City46": 0.4158415841584158,
    "City47": 0.54,
    "City48": 0.4787234042553192,
    "City49": 0.4666666666666667,
    "City5": 0.524390243902439,
    "City50": 0.5306122448979592,
    "City51": 0.532608695652174,
    "City52": 0.4479166666666667,
    "City53": 0.45161290322580644,
    "City54": 0.5168539325842697,
    "City55": 0.4888888888888889,
    "City56": 0.45121951219512196,
    "City57": 0.4854368932038835,
    "City58": 0.5588235294117647,
    "City59": 0.5,
    "City6": 0.5,
    "City60": 0.46,
    "City61": 0.5377358490566038,
    "City62": 0.5272727272727272,
    "City63": 0.4215686274509804,
    "City64": 0.5145631067961165,
    "City65": 0.5,
    "City66": 0.5436893203883495,
    "City67": 0.5402298850574713,
    "City68": 0.6210526315789474,
    "City69": 0.44086021505376344,
    "City7": 0.57,
    "City70": 0.46153846153846156,
    "City71": 0.6176470588235294,
    "City72": 0.5154639175257731,
    "City73": 0.5,
    "City74": 0.5729166666666666,
    "City75": 0.5494505494505495,
    "City76": 0.422680412371134,
    "City77": 0.5,
    "City78": 0.5363636363636364,
    "City79": 0.5288461538461539,
    "City8": 0.4945054945054945,
    "City80": 0.4811320754716981,
    "City81": 0.5,
    "City82": 0.5196078431372549,
    "City83": 0.46601941747572817,
    "City84": 0.5555555555555556,
    "City85": 0.5545454545454546,
    "City86": 0.5,
    "City87": 0.6111111111111112,
    "City88": 0.5392156862745098,
    "City89": 0.5050505050505051,
    "City9": 0.5465116279069767,
    "City90": 0.5,
    "City91": 0.4421052631578947,
    "City92": 0.4351851851851852,
    "City93": 0.4953271028037383,
    "City94": 0.47368421052631576,
    "City95": 0.5542168674698795,
    "City96": 0.4838709677419355,
    "City97": 0.5,
    "City98": 0.4766355140186916,
    "City99": 0.494949494949495
  },
  "payment_risk": {
    "Credit Card": 0.5050545895673272,
    "Debit Card": 0.5111553784860557,
    "Gift Card": 0.5159637366968861,
    "PayPal": 0.4883064516129032
  },
  "shipping_risk": {
    "Express": 0.49939503932244406,
    "Next-Day": 0.5109015910430171,
    "Standard": 0.5051515151515151
  },
  "ip_risk_map": {
    "10.0.0.1": 0.5820895522388059,
    "10.0.0.10": 0.715625,
    "10.0.0.100": 0.6818181818181818,
    "10.0.0.101": 0.6137931034482758,
    "10.0.0.102": 0.6982758620689655,
    "10.0.0.103": 0.6171875,
    "10.0.0.104": 0.6356164383561643,
    "10.0.0.105": 0.7,
    "10.0.0.106": 0.6963855421686747,
    "10.0.0.107": 0.6266666666666667,
    "10.0.0.108": 0.7106666666666666,
    "10.0.0.109": 0.5172413793103448,
    "10.0.0.11": 0.625,
    "10.0.0.110": 0.6075757575757575,
    "10.0.0.111": 0.6943661971830986,
    "10.0.0.112": 0.6888888888888889,
    "10.0.0.113": 0.69375,
    "10.0.0.114": 0.7067567567567568,
    "10.0.0.115": 0.6266666666666667,
    "10.0.0.116": 0.6553846153846153,
    "10.0.0.117": 0.7333333333333334,
    "10.0.0.118": 0.6826666666666665,
    "10.0.0.119": 0.6169811320754717,
    "10.0.0.12": 0.7046874999999999,
    "10.0.0.120": 0.6137931034482758,
    "10.0.0.121": 0.631578947368421,
    "10.0.0.122": 0.5545454545454545,
    "10.0.0.123": 0.6555555555555554,
    "10.0.0.124": 0.6266666666666667,
    "10.0.0.125": 0.6791666666666666,
    "10.0.0.126": 0.6786885245901639,
    "10.0.0.127": 0.6988372093023256,
    "10.0.0.128": 0.6684210526315789,
    "10.0.0.129": 0.6712121212121211,
    "10.0.0.13": 0.6274193548387097,
    "10.0.0.130": 0.6499999999999999,
    "10.0.0.131": 0.5610169491525423,
    "10.0.0.132": 0.5507462686567164,
    "10.0.0.133": 0.6399999999999999,
    "10.0.0.134": 0.6287878787878788,
    "10.0.0.135": 0.6655555555555556,
    "10.0.0.136": 0.6,
    "10.0.0.137": 0.641025641025641,
    "10.0.0.138": 0.5907692307692307,
    "10.0.0.139": 0.6414634146341462,
    "10.0.0.14": 0.6266666666666667,
    "10.0.0.140": 0.6609375,
    "10.0.0.141": 0.5754098360655737,
    "10.0.0.142": 0.6888888888888889,
    "10.0.0.143": 0.6620689655172414,
    "10.0.0.144": 0.7362318840579709,
    "10.0.0.145": 0.6499999999999999,
    "10.0.0.146": 0.6888888888888889,
    "10.0.0.147": 0.6777777777777777,
    "10.0.0.148": 0.6786885245901639,
    "10.0.0.149": 0.6555555555555554,
    "10.0.0.15": 0.7072727272727273,
    "10.0.0.16": 0.6838709677419355,
    "10.0.0.17": 0.6499999999999999,
    "10.0.0.18": 0.671875,
    "10.0.0.19": 0.7260869565217392,
    "10.0.0.2": 0.6287878787878788,
    "10.0.0.20": 0.7075949367088608,
    "10.0.0.21": 0.6056338028169014,
    "10.0.0.22": 0.6499999999999999,
    "10.0.0.23": 0.7057971014492753,
    "10.0.0.24": 0.7175438596491228,
    "10.0.0.25": 0.6924242424242424,
    "10.0.0.26": 0.7,
    "10.0.0.27": 0.6761194029850746,
    "10.0.0.28": 0.5876712328767123,
    "10.0.0.29": 0.630188679245283,
    "10.0.0.3": 0.5863636363636364,
    "10.0.0.30": 0.7052631578947368,
    "10.0.0.31": 0.6970149253731343,
    "10.0.0.32": 0.5780821917808219,
    "10.0.0.33": 0.6499999999999999,
    "10.0.0.34": 0.6101265822784809,
    "10.0.0.35": 0.6414634146341462,
    "10.0.0.36": 0.7220588235294116,
    "10.0.0.37": 0.717910447761194,
    "10.0.0.38": 0.6756097560975609,
    "10.0.0.39": 0.6333333333333333,
    "10.0.0.4": 0.6169811320754717,
    "10.0.0.40": 0.6373493975903615,
    "10.0.0.41": 0.6553846153846153,
    "10.0.0.42": 0.7148148148148148,
    "10.0.0.43": 0.6499999999999999,
    "10.0.0.44": 0.6444444444444444,
    "10.0.0.45": 0.6656716417910447,
    "10.0.0.46": 0.5430555555555555,
    "10.0.0.47": 0.6549295774647887,
    "10.0.0.48": 0.6299999999999999,
    "10.0.0.49": 0.5333333333333333,
    "10.0.0.5": 0.6594594594594594,
    "10.0.0.50": 0.6699999999999999,
    "10.0.0.51": 0.590566037735849,
    "10.0.0.52": 0.6037735849056604,
    "10.0.0.53": 0.6888888888888889,
    "10.0.0.54": 0.6830188679245283,
    "10.0.0.55": 0.6343283582089552,
    "10.0.0.56": 0.58,
    "10.0.0.57": 0.6154929577464788,
    "10.0.0.58": 0.673972602739726,
    "10.0.0.59": 0.6612903225806451,
    "10.0.0.6": 0.6098360655737705,
    "10.0.0.60": 0.6359999999999999,
    "10.0.0.61": 0.6305555555555555,
    "10.0.0.62": 0.6749999999999999,
    "10.0.0.63": 0.6029850746268657,
    "10.0.0.64": 0.5779411764705882,
    "10.0.0.65": 0.7338028169014084,
    "10.0.0.66": 0.6616666666666666,